{
"lengthUnit": "mil",
"components": {
	"fields": ["COMPONENT_NO", "COMPONENT_NAME", "LAYER", "X_COORDINATE", "Y_COORDINATE", "ANGLE"],
	"rows": [
		[1, "C1", "T", 767.88, -442.72, 270],
		[2, "C2", "T", 642.88, -552.72, 180],
		[3, "C3", "T", 413.23, -196.54, 0],
		[4, "C4", "T", 413.49, -272.93, 0],
		[5, "C5", "T", 413.49, -347.93, 0],
		[6, "C6", "T", 1515.08, 307.86, 90],
		[7, "C7", "T", 792.6, 308.7, 90],
		[8, "C8", "T", 787.48, -978.66, 270],
		[9, "C9", "T", 67.64, -970.54, 270],
		[10, "C10/RST", "T", 682.91, 107.79, 0],
		[11, "C11/RST", "T", 1410.17, 109.33, 0],
		[12, "C12/RST", "T", 892.11, -775.33, 180],
		[13, "C13/RST", "T", 177.02, -775.89, 180],
		[14, "D1", "T", 178.11, -571.6, 0],
		[15, "H1", "T", 243.57, -243.11, 270],
		[16, "J3", "B", 380, 530, 270],
		[17, "J4", "B", 1130, 534.82, 270],
		[18, "J5", "B", 1172.45, -1199.15, 90],
		[19, "J6", "B", 462.19, -1212.87, 90],
		[20, "LED5", "T", 1097.26, -258.27, 0],
		[21, "P0.24", "B", 510, 605, 0],
		[22, "P0.24", "B", 1250, 605, 0],
		[23, "P0.24", "B", 340, -1295, 180],
		[24, "P0.24N1", "B", 1050, -1275, 180],
		[25, "P1.04", "B", 1250, 719.82, 180],
		[26, "P1.04", "B", 1052.45, -1384.15, 0],
		[27, "P1.04", "B", 342.19, -1397.87, 0],
		[28, "P1.04N1", "B", 507.3, 715, 180],
		[29, "R9", "T", 1019.9, -358.27, 0],
		[30, "R14", "T", 680.12, 43.95, 0],
		[31, "R15", "T", 1407.72, 40.98, 0],
		[32, "R16", "T", 894.66, -705.98, 180],
		[33, "R17", "T", 179.47, -708.34, 180],
		[34, "U2", "T", 642.88, -232.72, 90],
		[35, "U3", "T", 427.3, 460, 180],
		[36, "U4", "T", 1155, 459.82, 180],
		[37, "U5", "T", 1142.45, -1129.15, 0],
		[38, "U6", "T", 427.19, -1127.87, 0],
		[39, "X1", "T", 642.88, -442.72, 0]
	]
},
"pins": {
	"fields": ["PIN_NO", "PIN_NAME", "PIN_X", "PIN_Y", "LAYER", "PIN_TYPE", "NET_NAME", "NET_TYPE", "PAD_SHAPE", "PAD_SIZEX", "PAD_SIZEY", "HOLE_SIZE", "PAD_ANGLE"],
	"rows": [
		[1, "C1_1", 767.88, -415.16, "T", "SMD", "XO", "", "R", 31.5, 35.43, 0, 270],
		[2, "C1_2", 767.88, -470.28, "T", "SMD", "GND", "GND", "R", 31.5, 35.43, 0, 270],
		[3, "C2_1", 670.44, -552.72, "T", "SMD", "GND", "GND", "R", 31.5, 35.43, 0, 180],
		[4, "C2_2", 615.32, -552.72, "T", "SMD", "XI", "", "R", 31.5, 35.43, 0, 180],
		[5, "C3_1", 385.67, -196.54, "T", "SMD", "GND", "GND", "R", 31.5, 35.43, 0, 0],
		[6, "C3_2", 440.79, -196.54, "T", "SMD", "+5V", "", "R", 31.5, 35.43, 0, 0],
		[7, "C4_1", 385.93, -272.93, "T", "SMD", "GND", "GND", "R", 31.5, 35.43, 0, 0],
		[8, "C4_2", 441.05, -272.93, "T", "SMD", "+3.3V", "", "R", 31.5, 35.43, 0, 0],
		[9, "C5_1", 385.93, -347.93, "T", "SMD", "GND", "GND", "R", 31.5, 35.43, 0, 0],
		[10, "C5_2", 441.05, -347.93, "T", "SMD", "+3.3V", "", "R", 31.5, 35.43, 0, 0],
		[11, "C6_1", 1515.08, 280.3, "T", "SMD", "GND", "GND", "R", 31.5, 35.43, 0, 90],
		[12, "C6_2", 1515.08, 335.42, "T", "SMD", "+5V", "", "R", 31.5, 35.43, 0, 90],
		[13, "C7_1", 792.6, 281.14, "T", "SMD", "GND", "GND", "R", 31.5, 35.43, 0, 90],
		[14, "C7_2", 792.6, 336.26, "T", "SMD", "+5V", "", "R", 31.5, 35.43, 0, 90],
		[15, "C8_1", 787.48, -951.1, "T", "SMD", "GND", "GND", "R", 31.5, 35.43, 0, 270],
		[16, "C8_2", 787.48, -1006.22, "T", "SMD", "+5V", "", "R", 31.5, 35.43, 0, 270],
		[17, "C9_1", 67.64, -942.98, "T", "SMD", "GND", "GND", "R", 31.5, 35.43, 0, 270],
		[18, "C9_2", 67.64, -998.1, "T", "SMD", "+5V", "", "R", 31.5, 35.43, 0, 270],
		[19, "C10/RST_1", 655.35, 107.79, "T", "SMD", "GND", "GND", "R", 31.5, 35.43, 0, 0],
		[20, "C10/RST_2", 710.47, 107.79, "T", "SMD", "$2N2930", "", "R", 31.5, 35.43, 0, 0],
		[21, "C11/RST_1", 1382.61, 109.33, "T", "SMD", "GND", "GND", "R", 31.5, 35.43, 0, 0],
		[22, "C11/RST_2", 1437.73, 109.33, "T", "SMD", "$2N3006", "", "R", 31.5, 35.43, 0, 0],
		[23, "C12/RST_1", 919.67, -775.33, "T", "SMD", "GND", "GND", "R", 31.5, 35.43, 0, 180],
		[24, "C12/RST_2", 864.55, -775.33, "T", "SMD", "$2N3080", "", "R", 31.5, 35.43, 0, 180],
		[25, "C13/RST_1", 204.58, -775.89, "T", "SMD", "GND", "GND", "R", 31.5, 35.43, 0, 180],
		[26, "C13/RST_2", 149.46, -775.89, "T", "SMD", "$2N3154", "", "R", 31.5, 35.43, 0, 180],
		[27, "D1_1", 109.8, -571.59, "T", "SMD", "GND", "GND", "R", 55.12, 47.24, 0, 0],
		[28, "D1_2", 246.41, -571.59, "T", "SMD", "+5V", "", "R", 55.12, 47.24, 0, 0],
		[29, "H1_1", 243.57, -85.63, "T", "DIP", "GND", "GND", "R", 60, 60, 36, 270],
		[30, "H1_1", 243.57, -85.63, "B", "DIP", "GND", "GND", "R", 60, 60, 36, 270],
		[31, "H1_2", 243.57, -164.37, "T", "DIP", "GND", "GND", "C", 60, 60, 36, 270],
		[32, "H1_2", 243.57, -164.37, "B", "DIP", "GND", "GND", "C", 60, 60, 36, 270],
		[33, "H1_3", 243.57, -243.11, "T", "DIP", "DPU", "", "C", 60, 60, 36, 270],
		[34, "H1_3", 243.57, -243.11, "B", "DIP", "DPU", "", "C", 60, 60, 36, 270],
		[35, "H1_4", 243.57, -321.85, "T", "DIP", "DMU", "", "C", 60, 60, 36, 270],
		[36, "H1_4", 243.57, -321.85, "B", "DIP", "DMU", "", "C", 60, 60, 36, 270],
		[37, "H1_5", 243.57, -400.59, "T", "DIP", "+5V", "", "C", 60, 60, 36, 270],
		[38, "H1_5", 243.57, -400.59, "B", "DIP", "+5V", "", "C", 60, 60, 36, 270],
		[39, "J3_1", 380, 680, "T", "DIP", "GND", "GND", "C", 60, 60, 36, 270],
		[40, "J3_1", 380, 680, "B", "DIP", "GND", "GND", "C", 60, 60, 36, 270],
		[41, "J3_2", 380, 580, "T", "DIP", "VCC", "", "C", 60, 60, 36, 270],
		[42, "J3_2", 380, 580, "B", "DIP", "VCC", "", "C", 60, 60, 36, 270],
		[43, "J3_3", 380, 480, "T", "DIP", "$2N2133", "", "C", 60, 60, 36, 270],
		[44, "J3_3", 380, 480, "B", "DIP", "$2N2133", "", "C", 60, 60, 36, 270],
		[45, "J3_4", 380, 380, "T", "DIP", "$2N2129", "", "C", 60, 60, 36, 270],
		[46, "J3_4", 380, 380, "B", "DIP", "$2N2129", "", "C", 60, 60, 36, 270],
		[47, "J4_1", 1130, 684.82, "T", "DIP", "GND", "GND", "C", 60, 60, 36, 270],
		[48, "J4_1", 1130, 684.82, "B", "DIP", "GND", "GND", "C", 60, 60, 36, 270],
		[49, "J4_2", 1130, 584.82, "T", "DIP", "VCC", "", "C", 60, 60, 36, 270],
		[50, "J4_2", 1130, 584.82, "B", "DIP", "VCC", "", "C", 60, 60, 36, 270],
		[51, "J4_3", 1130, 484.82, "T", "DIP", "$2N2171", "", "C", 60, 60, 36, 270],
		[52, "J4_3", 1130, 484.82, "B", "DIP", "$2N2171", "", "C", 60, 60, 36, 270],
		[53, "J4_4", 1130, 384.82, "T", "DIP", "$2N2167", "", "C", 60, 60, 36, 270],
		[54, "J4_4", 1130, 384.82, "B", "DIP", "$2N2167", "", "C", 60, 60, 36, 270],
		[55, "J5_1", 1172.45, -1349.15, "T", "DIP", "GND", "GND", "C", 60, 60, 36, 90],
		[56, "J5_1", 1172.45, -1349.15, "B", "DIP", "GND", "GND", "C", 60, 60, 36, 90],
		[57, "J5_2", 1172.45, -1249.15, "T", "DIP", "VCC", "", "C", 60, 60, 36, 90],
		[58, "J5_2", 1172.45, -1249.15, "B", "DIP", "VCC", "", "C", 60, 60, 36, 90],
		[59, "J5_3", 1172.45, -1149.15, "T", "DIP", "$2N2162", "", "C", 60, 60, 36, 90],
		[60, "J5_3", 1172.45, -1149.15, "B", "DIP", "$2N2162", "", "C", 60, 60, 36, 90],
		[61, "J5_4", 1172.45, -1049.15, "T", "DIP", "$2N2154", "", "C", 60, 60, 36, 90],
		[62, "J5_4", 1172.45, -1049.15, "B", "DIP", "$2N2154", "", "C", 60, 60, 36, 90],
		[63, "J6_1", 462.19, -1362.87, "T", "DIP", "GND", "GND", "C", 60, 60, 36, 90],
		[64, "J6_1", 462.19, -1362.87, "B", "DIP", "GND", "GND", "C", 60, 60, 36, 90],
		[65, "J6_2", 462.19, -1262.87, "T", "DIP", "VCC", "", "C", 60, 60, 36, 90],
		[66, "J6_2", 462.19, -1262.87, "B", "DIP", "VCC", "", "C", 60, 60, 36, 90],
		[67, "J6_3", 462.19, -1162.87, "T", "DIP", "$2N2180", "", "C", 60, 60, 36, 90],
		[68, "J6_3", 462.19, -1162.87, "B", "DIP", "$2N2180", "", "C", 60, 60, 36, 90],
		[69, "J6_4", 462.19, -1062.87, "T", "DIP", "$2N2176", "", "C", 60, 60, 36, 90],
		[70, "J6_4", 462.19, -1062.87, "B", "DIP", "$2N2176", "", "C", 60, 60, 36, 90],
		[71, "LED5_1", 1055.91, -258.27, "T", "SMD", "$1N3543", "", "R", 51.2, 55.1, 0, 0],
		[72, "LED5_2", 1138.61, -258.27, "T", "SMD", "GND", "GND", "R", 51.2, 55.1, 0, 0],
		[73, "P0.24_1", 492.96, 605, "B", "SMD", "GND", "GND", "R", 22.27, 21.26, 0, 0],
		[74, "P0.24_2", 527.04, 605, "B", "SMD", "$2N4136", "", "R", 22.27, 21.26, 0, 0],
		[75, "P0.24_1", 1232.96, 605, "B", "SMD", "GND", "GND", "R", 22.27, 21.26, 0, 0],
		[76, "P0.24_2", 1267.04, 605, "B", "SMD", "$2N4263", "", "R", 22.27, 21.26, 0, 0],
		[77, "P0.24_1", 357.04, -1295, "B", "SMD", "GND", "GND", "R", 22.27, 21.26, 0, 180],
		[78, "P0.24_2", 322.96, -1295, "B", "SMD", "$2N4267", "", "R", 22.27, 21.26, 0, 180],
		[79, "P0.24N1_1", 1067.04, -1275, "B", "SMD", "GND", "GND", "R", 22.27, 21.26, 0, 180],
		[80, "P0.24N1_2", 1032.96, -1275, "B", "SMD", "$2N4271", "", "R", 22.27, 21.26, 0, 180],
		[81, "P1.04_1", 1267.04, 719.82, "B", "SMD", "$2N2703", "", "R", 22.27, 21.26, 0, 180],
		[82, "P1.04_2", 1232.96, 719.82, "B", "SMD", "GND", "GND", "R", 22.27, 21.26, 0, 180],
		[83, "P1.04_1", 1035.41, -1384.15, "B", "SMD", "$2N2679", "", "R", 22.27, 21.26, 0, 0],
		[84, "P1.04_2", 1069.49, -1384.15, "B", "SMD", "GND", "GND", "R", 22.27, 21.26, 0, 0],
		[85, "P1.04_1", 325.15, -1397.87, "B", "SMD", "$2N2691", "", "R", 22.27, 21.26, 0, 0],
		[86, "P1.04_2", 359.23, -1397.87, "B", "SMD", "GND", "GND", "R", 22.27, 21.26, 0, 0],
		[87, "P1.04N1_1", 524.34, 715, "B", "SMD", "$2N2547", "", "R", 22.27, 21.26, 0, 180],
		[88, "P1.04N1_2", 490.26, 715, "B", "SMD", "GND", "GND", "R", 22.27, 21.26, 0, 180],
		[89, "R9_1", 990.24, -358.27, "T", "SMD", "+5V", "", "R", 31.75, 34.02, 0, 0],
		[90, "R9_2", 1049.56, -358.27, "T", "SMD", "$1N3543", "", "R", 31.75, 34.02, 0, 0],
		[91, "R14_1", 650.46, 43.95, "T", "SMD", "VCC", "", "R", 31.75, 34.02, 0, 0],
		[92, "R14_2", 709.78, 43.95, "T", "SMD", "$2N2930", "", "R", 31.75, 34.02, 0, 0],
		[93, "R15_1", 1378.06, 40.98, "T", "SMD", "VCC", "", "R", 31.75, 34.02, 0, 0],
		[94, "R15_2", 1437.38, 40.98, "T", "SMD", "$2N3006", "", "R", 31.75, 34.02, 0, 0],
		[95, "R16_1", 924.32, -705.98, "T", "SMD", "VCC", "", "R", 31.75, 34.02, 0, 180],
		[96, "R16_2", 865, -705.98, "T", "SMD", "$2N3080", "", "R", 31.75, 34.02, 0, 180],
		[97, "R17_1", 209.13, -708.34, "T", "SMD", "VCC", "", "R", 31.75, 34.02, 0, 180],
		[98, "R17_2", 149.81, -708.34, "T", "SMD", "$2N3154", "", "R", 31.75, 34.02, 0, 180],
		[99, "U2_1", 749.8, -320.91, "T", "SMD", "DM4", "", "O", 13.78, 75.65, 0, 90],
		[100, "U2_2", 749.8, -295.71, "T", "SMD", "DP4", "", "O", 13.78, 75.65, 0, 90],
		[101, "U2_3", 749.8, -270.51, "T", "SMD", "DM3", "", "O", 13.78, 75.65, 0, 90],
		[102, "U2_4", 749.8, -245.32, "T", "SMD", "DP3", "", "O", 13.78, 75.65, 0, 90],
		[103, "U2_5", 749.8, -220.12, "T", "SMD", "DM2", "", "O", 13.78, 75.65, 0, 90],
		[104, "U2_6", 749.8, -194.92, "T", "SMD", "DP2", "", "O", 13.78, 75.65, 0, 90],
		[105, "U2_7", 749.8, -169.73, "T", "SMD", "DM1", "", "O", 13.78, 75.65, 0, 90],
		[106, "U2_8", 749.8, -144.53, "T", "SMD", "DP1", "", "O", 13.78, 75.65, 0, 90],
		[107, "U2_9", 535.96, -144.53, "T", "SMD", "U2_9", "", "O", 13.78, 75.65, 0, 90],
		[108, "U2_10", 535.96, -169.73, "T", "SMD", "DMU", "", "O", 13.78, 75.65, 0, 90],
		[109, "U2_11", 535.96, -194.92, "T", "SMD", "DPU", "", "O", 13.78, 75.65, 0, 90],
		[110, "U2_12", 535.96, -220.12, "T", "SMD", "+5V", "", "O", 13.78, 75.65, 0, 90],
		[111, "U2_13", 535.96, -245.32, "T", "SMD", "+3.3V", "", "O", 13.78, 75.65, 0, 90],
		[112, "U2_14", 535.96, -270.51, "T", "SMD", "GND", "GND", "O", 13.78, 75.65, 0, 90],
		[113, "U2_15", 535.96, -295.71, "T", "SMD", "XO", "", "O", 13.78, 75.65, 0, 90],
		[114, "U2_16", 535.96, -320.91, "T", "SMD", "XI", "", "O", 13.78, 75.65, 0, 90],
		[115, "U3_1", 171.2, 736.18, "T", "SMD", "U3_1", "", "R", 35.43, 78.74, 0, 270],
		[116, "U3_2", 171.2, 686.18, "T", "SMD", "U3_2", "", "R", 35.43, 78.74, 0, 270],
		[117, "U3_3", 171.39, 637.16, "T", "SMD", "U3_3", "", "R", 35.43, 78.74, 0, 270],
		[118, "U3_4", 171.2, 586.18, "T", "SMD", "U3_4", "", "R", 35.43, 78.74, 0, 270],
		[119, "U3_5", 171.2, 536.18, "T", "SMD", "GND", "GND", "R", 35.43, 78.74, 0, 270],
		[120, "U3_6", 171.2, 486.18, "T", "SMD", "U3_6", "", "R", 35.43, 78.74, 0, 270],
		[121, "U3_7", 171.2, 436.18, "T", "SMD", "U3_7", "", "R", 35.43, 78.74, 0, 270],
		[122, "U3_8", 171.2, 386.18, "T", "SMD", "U3_8", "", "R", 35.43, 78.74, 0, 270],
		[123, "U3_9", 171.2, 336.18, "T", "SMD", "U3_9", "", "R", 35.43, 78.74, 0, 270],
		[124, "U3_10", 171.2, 286.18, "T", "SMD", "U3_10", "", "R", 35.43, 78.74, 0, 270],
		[125, "U3_11", 252.3, 183.82, "T", "SMD", "U3_11", "", "R", 35.43, 78.74, 0, 0],
		[126, "U3_12", 277.3, 266.5, "T", "SMD", "U3_12", "", "R", 35.43, 35.43, 0, 0],
		[127, "U3_13", 302.3, 183.82, "T", "SMD", "U3_13", "", "R", 35.43, 78.74, 0, 0],
		[128, "U3_14", 327.3, 266.5, "T", "SMD", "U3_14", "", "R", 35.43, 35.43, 0, 0],
		[129, "U3_15", 352.3, 183.82, "T", "SMD", "U3_15", "", "R", 35.43, 78.74, 0, 0],
		[130, "U3_16", 377.3, 266.5, "T", "SMD", "U3_16", "", "R", 35.43, 35.43, 0, 0],
		[131, "U3_17", 402.3, 183.82, "T", "SMD", "U3_17", "", "R", 35.43, 78.74, 0, 0],
		[132, "U3_18", 427.3, 266.5, "T", "SMD", "U3_18", "", "R", 35.43, 35.43, 0, 0],
		[133, "U3_19", 452.3, 183.82, "T", "SMD", "VCC", "", "R", 35.43, 78.74, 0, 0],
		[134, "U3_20", 477.3, 266.5, "T", "SMD", "U3_20", "", "R", 35.43, 35.43, 0, 0],
		[135, "U3_21", 502.3, 183.82, "T", "SMD", "GND", "GND", "R", 35.43, 78.74, 0, 0],
		[136, "U3_22", 527.3, 266.5, "T", "SMD", "U3_22", "", "R", 35.43, 35.43, 0, 0],
		[137, "U3_23", 552.3, 183.82, "T", "SMD", "+5V", "", "R", 35.43, 78.74, 0, 0],
		[138, "U3_24", 577.3, 266.5, "T", "SMD", "GND", "GND", "R", 35.43, 35.43, 0, 0],
		[139, "U3_25", 602.3, 183.82, "T", "SMD", "U3_25", "", "R", 35.43, 78.74, 0, 0],
		[140, "U3_26", 683.4, 286.18, "T", "SMD", "$2N2930", "", "R", 35.43, 78.74, 0, 90],
		[141, "U3_27", 683.4, 336.18, "T", "SMD", "+5V", "", "R", 35.43, 78.74, 0, 90],
		[142, "U3_28", 600.73, 361.18, "T", "SMD", "U3_28", "", "R", 35.43, 35.43, 0, 90],
		[143, "U3_29", 683.4, 386.18, "T", "SMD", "DM1", "", "R", 35.43, 78.74, 0, 90],
		[144, "U3_30", 600.73, 411.18, "T", "SMD", "U3_30", "", "R", 35.43, 35.43, 0, 90],
		[145, "U3_31", 683.4, 436.18, "T", "SMD", "DP1", "", "R", 35.43, 78.74, 0, 90],
		[146, "U3_32", 600.73, 461.18, "T", "SMD", "U3_32", "", "R", 35.43, 35.43, 0, 90],
		[147, "U3_33", 683.4, 486.18, "T", "SMD", "U3_33", "", "R", 35.43, 78.74, 0, 90],
		[148, "U3_34", 600.73, 511.18, "T", "SMD", "U3_34", "", "R", 35.43, 35.43, 0, 90],
		[149, "U3_35", 683.4, 536.18, "T", "SMD", "$2N4136", "", "R", 35.43, 78.74, 0, 90],
		[150, "U3_36", 600.73, 561.18, "T", "SMD", "U3_36", "", "R", 35.43, 35.43, 0, 90],
		[151, "U3_37", 683.4, 586.18, "T", "SMD", "$2N2129", "", "R", 35.43, 78.74, 0, 90],
		[152, "U3_38", 600.73, 611.18, "T", "SMD", "U3_38", "", "R", 35.43, 35.43, 0, 90],
		[153, "U3_39", 683.4, 636.18, "T", "SMD", "$2N2133", "", "R", 35.43, 78.74, 0, 90],
		[154, "U3_40", 600.73, 661.18, "T", "SMD", "$2N2547", "", "R", 35.43, 35.43, 0, 90],
		[155, "U3_41", 683.4, 686.18, "T", "SMD", "U3_41", "", "R", 35.43, 78.74, 0, 90],
		[156, "U3_42", 600.72, 711.18, "T", "SMD", "U3_42", "", "R", 35.43, 35.43, 0, 90],
		[157, "U3_43", 683.4, 736.18, "T", "SMD", "U3_43", "", "R", 35.43, 78.74, 0, 90],
		[158, "U4_1", 898.9, 736, "T", "SMD", "U4_1", "", "R", 35.43, 78.74, 0, 270],
		[159, "U4_2", 898.9, 686, "T", "SMD", "U4_2", "", "R", 35.43, 78.74, 0, 270],
		[160, "U4_3", 899.09, 636.98, "T", "SMD", "U4_3", "", "R", 35.43, 78.74, 0, 270],
		[161, "U4_4", 898.9, 586, "T", "SMD", "U4_4", "", "R", 35.43, 78.74, 0, 270],
		[162, "U4_5", 898.9, 536, "T", "SMD", "GND", "GND", "R", 35.43, 78.74, 0, 270],
		[163, "U4_6", 898.9, 486, "T", "SMD", "U4_6", "", "R", 35.43, 78.74, 0, 270],
		[164, "U4_7", 898.9, 436, "T", "SMD", "U4_7", "", "R", 35.43, 78.74, 0, 270],
		[165, "U4_8", 898.9, 386, "T", "SMD", "U4_8", "", "R", 35.43, 78.74, 0, 270],
		[166, "U4_9", 898.9, 336, "T", "SMD", "U4_9", "", "R", 35.43, 78.74, 0, 270],
		[167, "U4_10", 898.9, 286, "T", "SMD", "U4_10", "", "R", 35.43, 78.74, 0, 270],
		[168, "U4_11", 980, 183.64, "T", "SMD", "U4_11", "", "R", 35.43, 78.74, 0, 0],
		[169, "U4_12", 1005, 266.32, "T", "SMD", "U4_12", "", "R", 35.43, 35.43, 0, 0],
		[170, "U4_13", 1030, 183.64, "T", "SMD", "U4_13", "", "R", 35.43, 78.74, 0, 0],
		[171, "U4_14", 1055, 266.32, "T", "SMD", "U4_14", "", "R", 35.43, 35.43, 0, 0],
		[172, "U4_15", 1080, 183.64, "T", "SMD", "U4_15", "", "R", 35.43, 78.74, 0, 0],
		[173, "U4_16", 1105, 266.32, "T", "SMD", "U4_16", "", "R", 35.43, 35.43, 0, 0],
		[174, "U4_17", 1130, 183.64, "T", "SMD", "U4_17", "", "R", 35.43, 78.74, 0, 0],
		[175, "U4_18", 1155, 266.32, "T", "SMD", "U4_18", "", "R", 35.43, 35.43, 0, 0],
		[176, "U4_19", 1180, 183.64, "T", "SMD", "VCC", "", "R", 35.43, 78.74, 0, 0],
		[177, "U4_20", 1205, 266.32, "T", "SMD", "U4_20", "", "R", 35.43, 35.43, 0, 0],
		[178, "U4_21", 1230, 183.64, "T", "SMD", "GND", "GND", "R", 35.43, 78.74, 0, 0],
		[179, "U4_22", 1255, 266.32, "T", "SMD", "U4_22", "", "R", 35.43, 35.43, 0, 0],
		[180, "U4_23", 1280, 183.64, "T", "SMD", "+5V", "", "R", 35.43, 78.74, 0, 0],
		[181, "U4_24", 1305, 266.32, "T", "SMD", "GND", "GND", "R", 35.43, 35.43, 0, 0],
		[182, "U4_25", 1330, 183.64, "T", "SMD", "U4_25", "", "R", 35.43, 78.74, 0, 0],
		[183, "U4_26", 1411.1, 286, "T", "SMD", "$2N3006", "", "R", 35.43, 78.74, 0, 90],
		[184, "U4_27", 1411.1, 336, "T", "SMD", "+5V", "", "R", 35.43, 78.74, 0, 90],
		[185, "U4_28", 1328.43, 361, "T", "SMD", "U4_28", "", "R", 35.43, 35.43, 0, 90],
		[186, "U4_29", 1411.1, 386, "T", "SMD", "DM2", "", "R", 35.43, 78.74, 0, 90],
		[187, "U4_30", 1328.43, 411, "T", "SMD", "U4_30", "", "R", 35.43, 35.43, 0, 90],
		[188, "U4_31", 1411.1, 436, "T", "SMD", "DP2", "", "R", 35.43, 78.74, 0, 90],
		[189, "U4_32", 1328.43, 461, "T", "SMD", "U4_32", "", "R", 35.43, 35.43, 0, 90],
		[190, "U4_33", 1411.1, 486, "T", "SMD", "U4_33", "", "R", 35.43, 78.74, 0, 90],
		[191, "U4_34", 1328.43, 511, "T", "SMD", "U4_34", "", "R", 35.43, 35.43, 0, 90],
		[192, "U4_35", 1411.1, 536, "T", "SMD", "$2N4263", "", "R", 35.43, 78.74, 0, 90],
		[193, "U4_36", 1328.43, 561, "T", "SMD", "U4_36", "", "R", 35.43, 35.43, 0, 90],
		[194, "U4_37", 1411.1, 586, "T", "SMD", "$2N2167", "", "R", 35.43, 78.74, 0, 90],
		[195, "U4_38", 1328.43, 611, "T", "SMD", "U4_38", "", "R", 35.43, 35.43, 0, 90],
		[196, "U4_39", 1411.1, 636, "T", "SMD", "$2N2171", "", "R", 35.43, 78.74, 0, 90],
		[197, "U4_40", 1328.43, 661, "T", "SMD", "$2N2703", "", "R", 35.43, 35.43, 0, 90],
		[198, "U4_41", 1411.1, 686, "T", "SMD", "U4_41", "", "R", 35.43, 78.74, 0, 90],
		[199, "U4_42", 1328.42, 711, "T", "SMD", "U4_42", "", "R", 35.43, 35.43, 0, 90],
		[200, "U4_43", 1411.1, 736, "T", "SMD", "U4_43", "", "R", 35.43, 78.74, 0, 90],
		[201, "U5_1", 1398.55, -1405.33, "T", "SMD", "U5_1", "", "R", 35.43, 78.74, 0, 90],
		[202, "U5_2", 1398.55, -1355.33, "T", "SMD", "U5_2", "", "R", 35.43, 78.74, 0, 90],
		[203, "U5_3", 1398.36, -1306.31, "T", "SMD", "U5_3", "", "R", 35.43, 78.74, 0, 90],
		[204, "U5_4", 1398.55, -1255.33, "T", "SMD", "U5_4", "", "R", 35.43, 78.74, 0, 90],
		[205, "U5_5", 1398.55, -1205.33, "T", "SMD", "GND", "GND", "R", 35.43, 78.74, 0, 90],
		[206, "U5_6", 1398.55, -1155.33, "T", "SMD", "U5_6", "", "R", 35.43, 78.74, 0, 90],
		[207, "U5_7", 1398.55, -1105.33, "T", "SMD", "U5_7", "", "R", 35.43, 78.74, 0, 90],
		[208, "U5_8", 1398.55, -1055.33, "T", "SMD", "U5_8", "", "R", 35.43, 78.74, 0, 90],
		[209, "U5_9", 1398.55, -1005.33, "T", "SMD", "U5_9", "", "R", 35.43, 78.74, 0, 90],
		[210, "U5_10", 1398.55, -955.33, "T", "SMD", "U5_10", "", "R", 35.43, 78.74, 0, 90],
		[211, "U5_11", 1317.45, -852.97, "T", "SMD", "U5_11", "", "R", 35.43, 78.74, 0, 180],
		[212, "U5_12", 1292.45, -935.65, "T", "SMD", "U5_12", "", "R", 35.43, 35.43, 0, 180],
		[213, "U5_13", 1267.45, -852.97, "T", "SMD", "U5_13", "", "R", 35.43, 78.74, 0, 180],
		[214, "U5_14", 1242.45, -935.65, "T", "SMD", "U5_14", "", "R", 35.43, 35.43, 0, 180],
		[215, "U5_15", 1217.45, -852.97, "T", "SMD", "U5_15", "", "R", 35.43, 78.74, 0, 180],
		[216, "U5_16", 1192.45, -935.65, "T", "SMD", "U5_16", "", "R", 35.43, 35.43, 0, 180],
		[217, "U5_17", 1167.45, -852.97, "T", "SMD", "U5_17", "", "R", 35.43, 78.74, 0, 180],
		[218, "U5_18", 1142.45, -935.65, "T", "SMD", "U5_18", "", "R", 35.43, 35.43, 0, 180],
		[219, "U5_19", 1117.45, -852.97, "T", "SMD", "VCC", "", "R", 35.43, 78.74, 0, 180],
		[220, "U5_20", 1092.45, -935.65, "T", "SMD", "U5_20", "", "R", 35.43, 35.43, 0, 180],
		[221, "U5_21", 1067.45, -852.97, "T", "SMD", "GND", "GND", "R", 35.43, 78.74, 0, 180],
		[222, "U5_22", 1042.45, -935.65, "T", "SMD", "U5_22", "", "R", 35.43, 35.43, 0, 180],
		[223, "U5_23", 1017.45, -852.97, "T", "SMD", "+5V", "", "R", 35.43, 78.74, 0, 180],
		[224, "U5_24", 992.45, -935.65, "T", "SMD", "GND", "GND", "R", 35.43, 35.43, 0, 180],
		[225, "U5_25", 967.45, -852.97, "T", "SMD", "U5_25", "", "R", 35.43, 78.74, 0, 180],
		[226, "U5_26", 886.35, -955.33, "T", "SMD", "$2N3080", "", "R", 35.43, 78.74, 0, 270],
		[227, "U5_27", 886.35, -1005.33, "T", "SMD", "+5V", "", "R", 35.43, 78.74, 0, 270],
		[228, "U5_28", 969.02, -1030.33, "T", "SMD", "U5_28", "", "R", 35.43, 35.43, 0, 270],
		[229, "U5_29", 886.35, -1055.33, "T", "SMD", "DM3", "", "R", 35.43, 78.74, 0, 270],
		[230, "U5_30", 969.02, -1080.33, "T", "SMD", "U5_30", "", "R", 35.43, 35.43, 0, 270],
		[231, "U5_31", 886.35, -1105.33, "T", "SMD", "DP3", "", "R", 35.43, 78.74, 0, 270],
		[232, "U5_32", 969.02, -1130.33, "T", "SMD", "U5_32", "", "R", 35.43, 35.43, 0, 270],
		[233, "U5_33", 886.35, -1155.33, "T", "SMD", "U5_33", "", "R", 35.43, 78.74, 0, 270],
		[234, "U5_34", 969.02, -1180.33, "T", "SMD", "U5_34", "", "R", 35.43, 35.43, 0, 270],
		[235, "U5_35", 886.35, -1205.33, "T", "SMD", "$2N4271", "", "R", 35.43, 78.74, 0, 270],
		[236, "U5_36", 969.02, -1230.33, "T", "SMD", "U5_36", "", "R", 35.43, 35.43, 0, 270],
		[237, "U5_37", 886.35, -1255.33, "T", "SMD", "$2N2154", "", "R", 35.43, 78.74, 0, 270],
		[238, "U5_38", 969.02, -1280.33, "T", "SMD", "U5_38", "", "R", 35.43, 35.43, 0, 270],
		[239, "U5_39", 886.35, -1305.33, "T", "SMD", "$2N2162", "", "R", 35.43, 78.74, 0, 270],
		[240, "U5_40", 969.02, -1330.33, "T", "SMD", "$2N2679", "", "R", 35.43, 35.43, 0, 270],
		[241, "U5_41", 886.35, -1355.33, "T", "SMD", "U5_41", "", "R", 35.43, 78.74, 0, 270],
		[242, "U5_42", 969.03, -1380.33, "T", "SMD", "U5_42", "", "R", 35.43, 35.43, 0, 270],
		[243, "U5_43", 886.35, -1405.33, "T", "SMD", "U5_43", "", "R", 35.43, 78.74, 0, 270],
		[244, "U6_1", 683.29, -1404.05, "T", "SMD", "U6_1", "", "R", 35.43, 78.74, 0, 90],
		[245, "U6_2", 683.29, -1354.05, "T", "SMD", "U6_2", "", "R", 35.43, 78.74, 0, 90],
		[246, "U6_3", 683.1, -1305.03, "T", "SMD", "U6_3", "", "R", 35.43, 78.74, 0, 90],
		[247, "U6_4", 683.29, -1254.05, "T", "SMD", "U6_4", "", "R", 35.43, 78.74, 0, 90],
		[248, "U6_5", 683.29, -1204.05, "T", "SMD", "GND", "GND", "R", 35.43, 78.74, 0, 90],
		[249, "U6_6", 683.29, -1154.05, "T", "SMD", "U6_6", "", "R", 35.43, 78.74, 0, 90],
		[250, "U6_7", 683.29, -1104.05, "T", "SMD", "U6_7", "", "R", 35.43, 78.74, 0, 90],
		[251, "U6_8", 683.29, -1054.05, "T", "SMD", "U6_8", "", "R", 35.43, 78.74, 0, 90],
		[252, "U6_9", 683.29, -1004.05, "T", "SMD", "U6_9", "", "R", 35.43, 78.74, 0, 90],
		[253, "U6_10", 683.29, -954.05, "T", "SMD", "U6_10", "", "R", 35.43, 78.74, 0, 90],
		[254, "U6_11", 602.19, -851.69, "T", "SMD", "U6_11", "", "R", 35.43, 78.74, 0, 180],
		[255, "U6_12", 577.19, -934.37, "T", "SMD", "U6_12", "", "R", 35.43, 35.43, 0, 180],
		[256, "U6_13", 552.19, -851.69, "T", "SMD", "U6_13", "", "R", 35.43, 78.74, 0, 180],
		[257, "U6_14", 527.19, -934.37, "T", "SMD", "U6_14", "", "R", 35.43, 35.43, 0, 180],
		[258, "U6_15", 502.19, -851.69, "T", "SMD", "U6_15", "", "R", 35.43, 78.74, 0, 180],
		[259, "U6_16", 477.19, -934.37, "T", "SMD", "U6_16", "", "R", 35.43, 35.43, 0, 180],
		[260, "U6_17", 452.19, -851.69, "T", "SMD", "U6_17", "", "R", 35.43, 78.74, 0, 180],
		[261, "U6_18", 427.19, -934.37, "T", "SMD", "U6_18", "", "R", 35.43, 35.43, 0, 180],
		[262, "U6_19", 402.19, -851.69, "T", "SMD", "VCC", "", "R", 35.43, 78.74, 0, 180],
		[263, "U6_20", 377.19, -934.37, "T", "SMD", "U6_20", "", "R", 35.43, 35.43, 0, 180],
		[264, "U6_21", 352.19, -851.69, "T", "SMD", "GND", "GND", "R", 35.43, 78.74, 0, 180],
		[265, "U6_22", 327.19, -934.37, "T", "SMD", "U6_22", "", "R", 35.43, 35.43, 0, 180],
		[266, "U6_23", 302.19, -851.69, "T", "SMD", "+5V", "", "R", 35.43, 78.74, 0, 180],
		[267, "U6_24", 277.19, -934.37, "T", "SMD", "GND", "GND", "R", 35.43, 35.43, 0, 180],
		[268, "U6_25", 252.19, -851.69, "T", "SMD", "U6_25", "", "R", 35.43, 78.74, 0, 180],
		[269, "U6_26", 171.09, -954.05, "T", "SMD", "$2N3154", "", "R", 35.43, 78.74, 0, 270],
		[270, "U6_27", 171.09, -1004.05, "T", "SMD", "+5V", "", "R", 35.43, 78.74, 0, 270],
		[271, "U6_28", 253.76, -1029.05, "T", "SMD", "U6_28", "", "R", 35.43, 35.43, 0, 270],
		[272, "U6_29", 171.09, -1054.05, "T", "SMD", "DM4", "", "R", 35.43, 78.74, 0, 270],
		[273, "U6_30", 253.76, -1079.05, "T", "SMD", "U6_30", "", "R", 35.43, 35.43, 0, 270],
		[274, "U6_31", 171.09, -1104.05, "T", "SMD", "DP4", "", "R", 35.43, 78.74, 0, 270],
		[275, "U6_32", 253.76, -1129.05, "T", "SMD", "U6_32", "", "R", 35.43, 35.43, 0, 270],
		[276, "U6_33", 171.09, -1154.05, "T", "SMD", "U6_33", "", "R", 35.43, 78.74, 0, 270],
		[277, "U6_34", 253.76, -1179.05, "T", "SMD", "U6_34", "", "R", 35.43, 35.43, 0, 270],
		[278, "U6_35", 171.09, -1204.05, "T", "SMD", "$2N4267", "", "R", 35.43, 78.74, 0, 270],
		[279, "U6_36", 253.76, -1229.05, "T", "SMD", "U6_36", "", "R", 35.43, 35.43, 0, 270],
		[280, "U6_37", 171.09, -1254.05, "T", "SMD", "$2N2176", "", "R", 35.43, 78.74, 0, 270],
		[281, "U6_38", 253.76, -1279.05, "T", "SMD", "U6_38", "", "R", 35.43, 35.43, 0, 270],
		[282, "U6_39", 171.09, -1304.05, "T", "SMD", "$2N2180", "", "R", 35.43, 78.74, 0, 270],
		[283, "U6_40", 253.76, -1329.05, "T", "SMD", "$2N2691", "", "R", 35.43, 35.43, 0, 270],
		[284, "U6_41", 171.09, -1354.05, "T", "SMD", "U6_41", "", "R", 35.43, 78.74, 0, 270],
		[285, "U6_42", 253.77, -1379.05, "T", "SMD", "U6_42", "", "R", 35.43, 35.43, 0, 270],
		[286, "U6_43", 171.09, -1404.05, "T", "SMD", "U6_43", "", "R", 35.43, 78.74, 0, 270],
		[287, "X1_1", 599.57, -477.17, "T", "SMD", "XI", "", "R", 55.12, 47.24, 0, 0],
		[288, "X1_2", 686.19, -477.17, "T", "SMD", "GND", "GND", "R", 55.12, 47.24, 0, 0],
		[289, "X1_3", 686.19, -408.27, "T", "SMD", "XO", "", "R", 55.12, 47.24, 0, 0],
		[290, "X1_4", 599.57, -408.27, "T", "SMD", "GND", "GND", "R", 55.12, 47.24, 0, 0]
	]
}
}